{
  "north": 49.05935711372529,
  "south": 48.971259505078365,
  "west": 8.330918179181884,
  "east": 8.468745395015198,
  "width": 2200,
  "height": 2140
}
