{
  "north": 49.02494891886377,
  "south": 49.01128498434936,
  "west": 8.419724904970776,
  "east": 8.44085649624676,
  "width": 2200,
  "height": 2165
}
